State,Year,Num_firms,Num_establishments,Num_employees,DHS_denominator,Num_establishments_born_prev_year,Rate_of_establishments_born_prev_year,Num_jobs_created_from_opening_establishments_prev_year,Rate_of_jobs_created_from_opening_establishments_prev_year,Rate_of_reallocation_prev_year
Alabama,2004,71716,92756,1633839,1613771,9487,10.298,82394,5.106,26.246
Alabama,2005,72486,94135,1677501,1655548,9912,10.625,84227,5.088,26.97
Alabama,2006,73344,96097,1710209,1693179,11236,11.84,107056,6.323,27.845
Alabama,2007,74189,97819,1716140,1712797,10726,11.087,91951,5.368,29.176
Alabama,2008,73362,97199,1707514,1710759,9037,9.286,77158,4.51,27.574
Alabama,2009,71187,94859,1607243,1659173,7586,7.905,62314,3.756,20.531
Alabama,2010,69404,93066,1569617,1586913,7396,7.892,61350,3.866,22.44
Alabama,2011,68310,91895,1588552,1578159,7457,8.079,53862,3.413,23.568
Alabama,2012,67979,91744,1583111,1585129,7737,8.444,57966,3.657,25.601
Alabama,2013,67609,91387,1594412,1587325,7407,8.107,53164,3.349,22.613
Alabama,2014,67538,91855,1601165,1595733,7390,8.077,61301,3.842,22.687
Alabama,2015,67458,92448,1632403,1615483,7711,8.382,62884,3.893,20.442
Alabama,2016,68123,93762,1673386,1652706,7713,8.296,66167,4.004,18.989
Alabama,2017,68250,93828,1695699,1682109,7482,7.989,54454,3.237,22.798
Alabama,2018,68159,93502,1727979,1712580,6695,7.159,54749,3.197,20.239
Alaska,2004,13361,16214,223329,220392,1906,11.877,9634,4.371,26.592
Alaska,2005,13551,16532,226482,222901,1940,11.875,10936,4.906,25.493
Alaska,2006,13794,16997,241831,235770,2329,13.922,12597,5.343,25.379
Alaska,2007,13833,17174,244775,243150,2022,11.866,14636,6.019,32.364
Alaska,2008,13678,17021,247067,245718,1814,10.638,9989,4.065,26.663
Alaska,2009,13561,16998,251208,249232,1788,10.513,12130,4.867,28.425
Alaska,2010,13603,17132,253628,252452,1740,10.216,8717,3.453,24.559
Alaska,2011,13612,17313,254222,253776,1763,10.257,9705,3.824,23.964
Alaska,2012,13720,17416,257324,255997,1729,9.983,10763,4.204,26.964
Alaska,2013,13795,17525,264763,260965,1733,9.94,9885,3.788,20.794
Alaska,2014,13820,17706,264370,263781,1748,9.942,12959,4.913,27.117
Alaska,2015,13921,17899,266269,265150,1765,9.936,10535,3.973,25.546
Alaska,2016,14034,18114,264338,265204,1832,10.191,11847,4.467,25.782
Alaska,2017,13979,18045,259701,261491,1734,9.613,8500,3.251,26.027
Alaska,2018,14037,18041,260427,260765,1594,8.85,6824,2.617,23.537
Arizona,2004,86028,109939,2033762,2002244,14648,13.517,128196,6.403,29.981
Arizona,2005,89336,114648,2153839,2093589,16478,14.683,161598,7.719,27.867
Arizona,2006,94664,122110,2335532,2246637,20196,17.076,184283,8.203,25.447
Arizona,2007,97182,126144,2384709,2359934,18118,14.614,152730,6.472,33.679
Arizona,2008,96276,125726,2309833,2346919,15810,12.566,130775,5.572,29.884
Arizona,2009,91332,120537,2111920,2213633,13023,10.568,116807,5.277,24.934
Arizona,2010,88457,117683,2053004,2082807,13050,10.969,113395,5.444,27.554
Arizona,2011,87577,117014,2107291,2080200,13497,11.514,106013,5.096,25.753
Arizona,2012,87774,117127,2125167,2116068,12885,11.021,101224,4.784,28.386
Arizona,2013,88518,118071,2173903,2147947,12964,11.04,101208,4.712,23.787
Arizona,2014,89448,120104,2227557,2200907,13260,11.145,113549,5.159,25.85
Arizona,2015,90727,121791,2299424,2264930,13234,10.953,111694,4.931,23.01
Arizona,2016,92513,124748,2376075,2337139,13722,11.14,119133,5.097,24.022
Arizona,2017,94019,126629,2437737,2404226,13686,10.898,114963,4.782,24.056
Arizona,2018,95482,128008,2542914,2490499,13095,10.295,116231,4.667,20.771
Arkansas,2004,47068,58957,993507,986354,6174,10.554,47047,4.77,26.416
Arkansas,2005,47527,59915,1012268,1004015,6495,10.944,48631,4.844,24.377
Arkansas,2006,47887,61105,1042434,1026867,7483,12.399,55309,5.386,22.95
Arkansas,2007,48029,61715,1026303,1033552,6588,10.757,49684,4.807,27.713
Arkansas,2008,47447,61231,1011382,1017922,5700,9.291,41422,4.069,24.912
Arkansas,2009,46617,60486,968495,990343,5383,8.846,43892,4.432,22.402
Arkansas,2010,46127,60158,963807,966526,5162,8.573,39359,4.072,23.845
Arkansas,2011,45703,59851,976330,969367,5216,8.712,39398,4.064,22.559
Arkansas,2012,45646,59746,971834,973269,5001,8.381,29737,3.055,23.885
Arkansas,2013,45507,59766,975274,973906,5164,8.661,35851,3.681,23.185
Arkansas,2014,45398,59808,986083,980549,4830,8.093,35568,3.627,21.075
Arkansas,2015,45337,60061,998946,992222,5065,8.467,38191,3.849,21.539
Arkansas,2016,45669,60907,1020449,1009435,5447,9.018,41527,4.114,20.078
Arkansas,2017,45771,61242,1025945,1018685,5220,8.56,39656,3.893,23.266
Arkansas,2018,45821,61356,1039975,1032493,4857,7.938,33312,3.226,20.143
California,2004,595371,738329,12963967,12862909,89180,12.159,719153,5.591,30.314
California,2005,607480,754599,13158123,13073817,96960,12.999,769289,5.884,29.442
California,2006,625061,779399,13714584,13460043,111144,14.505,905679,6.729,27.751
California,2007,633052,791042,13713451,13712694,100052,12.759,751419,5.48,31.768
California,2008,626773,785847,13539103,13592517,87508,11.111,655765,4.824,29.474
California,2009,610271,768227,12736676,13168352,78187,10.055,579987,4.404,23.564
California,2010,598927,756795,12338121,12535396,77204,10.134,537472,4.288,24.466
California,2011,599746,759404,12547431,12440046,82304,10.867,546393,4.392,24.482
California,2012,608205,767374,12811165,12672493,84615,11.098,542977,4.285,24.855
California,2013,614222,773543,13222274,13009569,84010,10.919,633932,4.873,23.578
California,2014,625384,788780,13602500,13400335,87774,11.245,651334,4.861,23.661
California,2015,635579,803128,14071448,13834059,88785,11.165,674620,4.877,22.217
California,2016,647486,819785,14360390,14198321,91200,11.247,644426,4.539,23.931
California,2017,655520,828908,14660379,14489378,89150,10.824,660952,4.562,24.889
California,2018,664454,836870,15041020,14858030,86406,10.383,643240,4.329,22.072
Colorado,2004,104056,126544,1911324,1900323,16430,13.104,115142,6.059,29.747
Colorado,2005,106938,130028,1933591,1923833,17782,13.87,114681,5.961,29.172
Colorado,2006,110031,134387,2017124,1975199,20087,15.206,142043,7.191,27.265
Colorado,2007,112062,137439,2057750,2038596,18863,13.897,132296,6.49,31.35
Colorado,2008,111771,137532,2085082,2070747,16717,12.172,112896,5.452,29.694
Colorado,2009,108759,134411,1995625,2042159,14604,10.731,100322,4.913,25.773
Colorado,2010,106780,132485,1954075,1975338,14805,11.106,97615,4.942,26.89
Colorado,2011,106482,132566,1980592,1967587,15225,11.5,90055,4.577,25.9
Colorado,2012,107469,133328,2030327,2004855,14991,11.29,92976,4.638,24.228
Colorado,2013,109001,135059,2094325,2062125,15424,11.508,95640,4.638,23.404
Colorado,2014,111078,138035,2176486,2134252,16069,11.778,108707,5.093,22.677
Colorado,2015,113273,140908,2253161,2210476,16628,11.934,106945,4.838,22.018
Colorado,2016,115927,144960,2312584,2282296,17454,12.22,117354,5.142,22.926
Colorado,2017,118087,147335,2367047,2340950,16884,11.563,117891,5.036,24.754
Colorado,2018,120207,149354,2423785,2395171,16298,10.995,105187,4.392,22.361
Connecticut,2004,68863,83498,1532610,1533358,7952,9.581,67308,4.39,26.51
Connecticut,2005,69261,84118,1524381,1527674,8219,9.813,73006,4.779,24.245
Connecticut,2006,69428,85047,1545508,1532952,8883,10.511,75333,4.914,23.786
Connecticut,2007,68935,85117,1522447,1534609,8190,9.635,73171,4.768,26.994
Connecticut,2008,68137,84613,1532400,1527802,7502,8.846,68803,4.503,27.36
Connecticut,2009,66252,82544,1456768,1497875,6279,7.506,48128,3.213,19.803
Connecticut,2010,65077,81335,1427259,1441970,6520,7.963,50210,3.482,21.282
Connecticut,2011,64216,80493,1432704,1429801,6466,7.997,48077,3.362,21.541
Connecticut,2012,64468,80788,1457707,1445388,7004,8.694,49312,3.412,21.526
Connecticut,2013,64242,80687,1458639,1457765,6887,8.541,47540,3.261,21.833
Connecticut,2014,64079,80947,1477874,1468447,6847,8.477,50948,3.47,20.455
Connecticut,2015,63858,81066,1498954,1489695,6793,8.391,58408,3.921,21.211
Connecticut,2016,64567,82525,1538573,1518531,7711,9.432,60877,4.009,18.84
Connecticut,2017,63684,81632,1527703,1526950,6231,7.597,58222,3.813,23.756
Connecticut,2018,63238,81025,1527131,1526640,6397,7.874,56039,3.671,22.569
Delaware,2004,18119,22384,391210,386182,2589,11.713,23798,6.162,26.106
Delaware,2005,18332,22521,390415,389944,2454,10.938,18833,4.83,27.49
Delaware,2006,18352,22692,388140,389303,2731,12.089,20402,5.241,28.359
Delaware,2007,18133,22762,385838,386896,2603,11.463,27346,7.068,33.286
Delaware,2008,17841,22471,384653,384822,2263,10.021,19294,5.014,30.068
Delaware,2009,17374,21989,367535,376922,2003,9.002,20817,5.523,23.65
Delaware,2010,17154,21645,359172,363388,1948,8.937,12373,3.405,22.215
Delaware,2011,17036,21545,358687,359187,2020,9.361,12691,3.533,24.147
Delaware,2012,16917,21544,361396,359805,2109,9.802,16369,4.549,25.738
Delaware,2013,16962,21608,371464,366213,2070,9.613,17656,4.821,23.19
Delaware,2014,17098,21744,386853,381767,2069,9.555,14781,3.872,23.364
Delaware,2015,17294,22002,395001,391120,2225,10.181,17591,4.498,23.682
Delaware,2016,17723,22659,402398,398562,2376,10.647,16514,4.143,23.107
Delaware,2017,17809,22695,398520,399983,2229,9.839,15936,3.984,26.872
Delaware,2018,18068,22998,423424,411546,2278,9.982,24925,6.056,21.179
District_of_Columbia,2004,14658,18200,419910,417889,1892,10.462,18993,4.545,25.381
District_of_Columbia,2005,14988,18603,424518,422001,2071,11.268,19602,4.645,24.02
District_of_Columbia,2006,15312,19164,433502,429631,2284,12.113,20892,4.863,25.306
District_of_Columbia,2007,15379,19401,435093,434175,2077,10.788,21461,4.943,31.553
District_of_Columbia,2008,15364,19449,442984,438674,1957,10.089,18979,4.326,23.692
District_of_Columbia,2009,15323,19608,450271,447228,2038,10.43,20115,4.498,25.544
District_of_Columbia,2010,15411,19863,460235,460178,2019,10.246,18723,4.069,23.955
District_of_Columbia,2011,15575,20039,471458,466072,1935,9.709,17054,3.659,21.174
District_of_Columbia,2012,15705,20030,479574,474637,1834,9.169,17592,3.706,23.358
District_of_Columbia,2013,15916,20443,486424,482665,2172,10.751,19282,3.995,20.931
District_of_Columbia,2014,16077,20713,492767,489150,2000,9.732,20402,4.171,21.562
District_of_Columbia,2015,16296,20930,505937,498982,2182,10.497,26881,5.387,23.625
District_of_Columbia,2016,16565,21586,518144,512071,2276,10.714,20196,3.944,20.411
District_of_Columbia,2017,16692,21774,524968,521179,1987,9.175,18212,3.494,21.155
District_of_Columbia,2018,16890,21884,538234,531213,1957,8.974,21938,4.13,18.805
Florida,2004,339257,418722,6618893,6549318,65388,15.975,435789,6.654,33.846
Florida,2005,354918,436872,6794349,6714808,68136,15.938,483858,7.206,31.794
Florida,2006,369696,455582,7159249,6973636,73224,16.427,525720,7.539,27.448
Florida,2007,372844,462078,7180570,7182748,67381,14.708,483674,6.734,34.039
Florida,2008,360839,450605,7027938,7107836,56219,12.331,401376,5.647,29.912
Florida,2009,346432,435961,6554841,6798438,52266,11.776,369716,5.438,25.25
Florida,2010,343501,432461,6454118,6505350,54146,12.485,349641,5.375,29.229
Florida,2011,346122,435903,6575986,6517064,57203,13.188,375136,5.756,28.403
Florida,2012,354863,445379,6813002,6694993,57636,13.098,402028,6.005,26.062
Florida,2013,361051,451921,7028734,6938770,55616,12.413,383235,5.523,25.25
Florida,2014,367107,460724,7282549,7154542,56889,12.478,403864,5.645,24.63
Florida,2015,375203,471431,7609161,7448851,58804,12.628,403101,5.412,22.345
Florida,2016,384631,485561,7854442,7737073,60647,12.684,405379,5.239,23.242
Florida,2017,390921,491893,7992634,7888174,58165,11.912,375335,4.758,24.339
Florida,2018,397533,497966,8219014,8088509,56922,11.511,418117,5.169,22.167
Georgia,2004,148097,189639,3423272,3386545,23796,12.712,192832,5.694,28.842
Georgia,2005,152071,194648,3477901,3451424,25202,13.13,206951,5.996,28.907
Georgia,2006,157066,201542,3607932,3544183,28545,14.431,240611,6.789,27.208
Georgia,2007,160401,206733,3627640,3618788,27427,13.46,225977,6.245,30.889
Georgia,2008,158343,205325,3614545,3620118,23806,11.571,199801,5.519,30.341
Georgia,2009,151897,198754,3397443,3513020,20511,10.148,182289,5.189,24.573
Georgia,2010,148654,194971,3310478,3350961,19718,10.032,142866,4.263,23.92
Georgia,2011,147483,194123,3321201,3314811,20554,10.58,149282,4.503,26.084
Georgia,2012,148026,194635,3362566,3340475,20966,10.803,160529,4.806,25.532
Georgia,2013,149082,195842,3435468,3397299,20409,10.472,139826,4.116,22.973
Georgia,2014,150383,198608,3512317,3472604,21036,10.68,147919,4.26,22.684
Georgia,2015,152506,201811,3666922,3595298,21511,10.759,177793,4.945,21.839
Georgia,2016,155474,206357,3790165,3734862,22059,10.82,169311,4.533,20.935
Georgia,2017,157738,209150,3869830,3824966,21639,10.427,180117,4.709,24.001
Georgia,2018,159708,210847,3972149,3925914,20684,9.861,164385,4.187,22.73
Hawaii,2004,23072,28772,471346,464552,2842,9.978,19558,4.21,21.532
Hawaii,2005,23550,29469,487909,479518,3058,10.508,26955,5.621,22.746
Hawaii,2006,24163,30513,509636,498610,3554,11.858,29491,5.915,22.028
Hawaii,2007,24312,30705,516403,512956,3056,9.997,24917,4.858,27.093
Hawaii,2008,23983,30414,515953,516167,2624,8.597,21117,4.091,25.836
Hawaii,2009,23553,29973,485216,500911,2533,8.385,19134,3.82,19.616
Hawaii,2010,23110,29597,477353,481131,2383,8.008,20855,4.335,23.398
Hawaii,2011,22794,29348,482168,479334,2385,8.102,19379,4.043,21.247
Hawaii,2012,22674,29119,489076,485461,2281,7.813,16870,3.475,20.887
Hawaii,2013,22727,29198,501425,495212,2477,8.505,19159,3.869,19.461
Hawaii,2014,22715,29409,518292,509726,2456,8.389,23116,4.535,18.148
Hawaii,2015,22745,29541,524232,521103,2462,8.36,17195,3.3,19.367
Hawaii,2016,22994,29984,529815,526985,2627,8.831,18648,3.539,19.966
Hawaii,2017,23005,30073,542244,535846,2490,8.3,27804,5.189,22.085
Hawaii,2018,23119,30208,550567,546854,2428,8.061,18384,3.362,19.422
Idaho,2004,30078,35722,483593,473711,4620,13.161,38780,8.186,27.093
Idaho,2005,31716,37573,513802,499205,5364,14.644,36526,7.317,25.04
Idaho,2006,33810,40026,541525,527467,6655,17.186,37386,7.088,26.161
Idaho,2007,35076,41615,545640,543293,5827,14.303,35008,6.444,32.757
Idaho,2008,34419,41150,534705,539497,4718,11.423,26980,5.001,27.271
Idaho,2009,32523,39289,498494,516808,3703,9.209,23206,4.49,22.117
Idaho,2010,31807,38573,488924,493524,3960,10.186,20959,4.247,25.129
Idaho,2011,30990,37791,481441,484743,3797,9.965,19332,3.988,24.693
Idaho,2012,31077,37829,493686,487375,3929,10.409,22930,4.705,23.593
Idaho,2013,31305,38083,504651,499267,3943,10.409,18857,3.777,23.502
Idaho,2014,31995,39000,529236,516055,4195,10.903,22493,4.359,19.753
Idaho,2015,32541,39788,547420,538507,4179,10.618,21535,3.999,20.108
Idaho,2016,33242,40737,564017,555274,4401,10.944,24851,4.475,21.223
Idaho,2017,33776,41346,577143,569731,4331,10.57,24060,4.223,22.456
Idaho,2018,34946,42647,596092,586371,4727,11.266,28678,4.891,22.114
Illinois,2004,222957,278213,5204404,5191886,28774,10.407,224426,4.323,26.946
Illinois,2005,225325,281546,5218323,5209387,30301,10.837,258700,4.966,26.604
Illinois,2006,228423,286781,5346741,5284307,32797,11.558,280240,5.303,25.111
Illinois,2007,229071,288703,5349123,5348336,30847,10.736,264688,4.949,28.875
Illinois,2008,226810,287403,5390617,5367626,28381,9.862,221494,4.126,26.084
Illinois,2009,221525,281353,5064364,5233128,24827,8.724,189556,3.622,20.255
Illinois,2010,218646,278521,4941024,5010856,25455,9.101,190791,3.808,21.551
Illinois,2011,218236,278609,5023110,4982440,26914,9.67,186320,3.74,21.576
Illinois,2012,219268,279012,5092787,5056047,26542,9.531,194023,3.837,23.26
Illinois,2013,219113,279097,5157562,5123167,26210,9.404,195520,3.816,22.212
Illinois,2014,219172,280205,5253063,5204699,25914,9.274,189137,3.634,20.602
Illinois,2015,220614,282390,5366146,5293331,26527,9.438,203508,3.845,21.263
Illinois,2016,222317,285459,5417935,5394021,26757,9.431,208941,3.874,22.57
Illinois,2017,222121,285334,5402963,5403446,25463,8.93,194343,3.597,24.369
Illinois,2018,221826,284633,5464410,5436957,23575,8.279,195450,3.595,21.838
Indiana,2004,104681,135995,2580782,2559309,13245,9.808,113081,4.418,24.142
Indiana,2005,104848,136542,2599040,2589405,13027,9.572,115009,4.442,24.634
Indiana,2006,105878,138964,2652845,2626892,14925,10.85,128635,4.897,23.928
Indiana,2007,105735,139794,2631911,2642990,14098,10.132,122012,4.616,27.583
Indiana,2008,104234,138211,2597910,2614231,12195,8.784,98653,3.774,24.992
Indiana,2009,101292,134968,2433562,2516459,10373,7.593,82760,3.289,20.432
Indiana,2010,99563,133254,2394006,2413274,10204,7.618,86176,3.571,22.477
Indiana,2011,98476,132597,2432317,2411933,10896,8.208,78677,3.262,20.61
Indiana,2012,98557,132678,2505427,2468035,11171,8.434,96619,3.915,21.18
Indiana,2013,97959,132131,2541696,2523264,10267,7.765,80612,3.195,20.906
Indiana,2014,97382,132145,2599176,2569528,10527,7.977,85728,3.336,19.36
Indiana,2015,97689,133617,2663884,2630450,11353,8.553,95059,3.614,19.572
Indiana,2016,98257,135824,2725176,2694197,11395,8.466,98648,3.661,19.139
Indiana,2017,98589,136283,2770107,2744185,10649,7.837,89384,3.257,21.537
Indiana,2018,98936,136371,2809313,2790965,10343,7.595,88024,3.154,21.309
Iowa,2004,57890,73373,1240586,1232673,6390,8.738,45841,3.719,22.995
Iowa,2005,58391,74087,1264746,1252551,6676,9.06,50902,4.064,21.146
Iowa,2006,58281,75039,1295145,1279730,8136,10.936,62013,4.846,21.862
Iowa,2007,58280,75301,1294875,1294555,6691,8.915,47393,3.661,24.662
Iowa,2008,57613,74686,1306428,1299626,5989,7.995,43544,3.351,22.629
Iowa,2009,56816,73970,1275475,1290660,5341,7.182,43309,3.356,21.49
Iowa,2010,56389,73718,1246928,1260907,5373,7.284,36127,2.865,19.247
Iowa,2011,55947,73512,1255926,1250645,5505,7.487,37840,3.026,19.654
Iowa,2012,56156,73739,1280841,1269061,5666,7.705,35707,2.814,19.473
Iowa,2013,55621,73476,1296157,1288162,5322,7.238,38425,2.983,18.524
Iowa,2014,55539,73556,1304768,1300192,5234,7.128,36631,2.817,17.677
Iowa,2015,55778,74118,1335032,1319672,5652,7.661,41950,3.179,16.901
Iowa,2016,56004,74980,1348466,1341225,5782,7.762,40377,3.01,18.304
Iowa,2017,55899,74901,1353035,1349331,5588,7.465,39423,2.922,21.638
Iowa,2018,56276,75324,1363022,1356808,5534,7.375,36675,2.703,18.394
Kansas,2004,54874,68632,1112209,1109338,6768,9.919,50775,4.577,25.298
Kansas,2005,55433,69415,1122362,1118041,6919,10.029,51484,4.605,25.606
Kansas,2006,55574,70056,1157012,1141049,7911,11.368,58972,5.168,23.388
Kansas,2007,55672,70548,1178251,1167964,7072,10.075,62476,5.349,25.912
Kansas,2008,55062,69975,1188853,1182577,6084,8.671,43196,3.653,24.269
Kansas,2009,54152,69119,1155249,1173053,5455,7.84,39855,3.398,21.481
Kansas,2010,53421,68465,1122419,1139232,5348,7.782,38485,3.378,20.937
Kansas,2011,52604,68072,1121418,1121653,5664,8.308,44988,4.011,23.482
Kansas,2012,52557,67981,1142112,1131264,5653,8.323,43250,3.823,21.678
Kansas,2013,52193,67651,1152346,1145816,5382,7.947,38905,3.395,22.283
Kansas,2014,52361,68097,1174880,1162809,5670,8.365,47521,4.087,20.627
Kansas,2015,52369,68426,1187818,1180156,5701,8.362,48448,4.105,22.911
Kansas,2016,52614,69284,1187656,1187170,6015,8.745,45168,3.805,21.933
Kansas,2017,52243,68931,1194734,1187855,5528,8.01,46141,3.884,22.861
Kansas,2018,51951,68432,1201033,1197906,5035,7.347,39211,3.273,21.724
Kentucky,2004,65075,83612,1481274,1472445,8036,9.663,66377,4.508,25.325
Kentucky,2005,65590,84514,1506255,1495457,8400,10.003,67729,4.529,25.398
Kentucky,2006,65964,85747,1544724,1524999,9327,10.978,80121,5.254,24.221
Kentucky,2007,65873,86234,1540972,1543028,8628,10.054,76280,4.944,28.361
Kentucky,2008,64823,85491,1535807,1536322,7458,8.7,61882,4.028,26.191
Kentucky,2009,63441,84188,1465692,1503483,6762,7.965,60131,3.999,22.009
Kentucky,2010,62503,83472,1438066,1451851,6684,7.983,55325,3.811,22.638
Kentucky,2011,61684,82956,1445259,1441506,6703,8.067,50043,3.472,22.716
Kentucky,2012,61609,83035,1477637,1461244,6961,8.401,57155,3.911,22.328
Kentucky,2013,61728,83398,1500192,1489220,7315,8.804,62806,4.217,22.894
Kentucky,2014,62261,84518,1530562,1515341,7755,9.248,66394,4.381,21.918
Kentucky,2015,62234,85143,1577973,1554741,7242,8.55,56784,3.652,19.3
Kentucky,2016,62274,85697,1607193,1592375,6974,8.173,57297,3.598,20.179
Kentucky,2017,61828,85198,1623232,1611639,6801,7.97,60556,3.757,22.862
Kentucky,2018,60775,84019,1642716,1632447,6078,7.229,56282,3.448,20.549
Louisiana,2004,74453,94198,1613154,1604877,9094,9.711,69200,4.312,27.389
Louisiana,2005,74685,94705,1606675,1611222,9322,9.88,74977,4.653,29.869
Louisiana,2006,72038,92445,1586062,1595008,10847,11.618,101559,6.367,34.832
Louisiana,2007,74811,95877,1635339,1610304,11778,12.534,92137,5.722,28.975
Louisiana,2008,74836,96243,1635918,1633522,9251,9.646,71686,4.388,28.419
Louisiana,2009,74554,96173,1628774,1636373,8436,8.763,70575,4.313,25.966
Louisiana,2010,74065,96065,1592331,1610727,8142,8.482,67094,4.165,23.102
Louisiana,2011,73731,96338,1609455,1600259,8439,8.785,67663,4.228,23.755
Louisiana,2012,74017,96788,1633523,1619286,8536,8.854,64519,3.984,24.009
Louisiana,2013,74035,96843,1671073,1651367,8077,8.357,72398,4.384,24.147
Louisiana,2014,74116,97502,1704308,1689244,8211,8.46,68057,4.029,21.584
Louisiana,2015,73996,98008,1716979,1709760,8372,8.576,74740,4.371,24.975
Louisiana,2016,73953,98793,1701205,1708276,8545,8.695,71968,4.213,23.349
Louisiana,2017,73679,98273,1682442,1689904,7802,7.928,59209,3.504,24.843
Louisiana,2018,73624,97892,1690342,1687462,7654,7.815,55536,3.291,22.964
Maine,2004,29940,35840,494469,490860,3662,10.311,18983,3.867,21.853
Maine,2005,30292,36376,497416,495714,3754,10.416,21727,4.383,23.814
Maine,2006,30657,37079,505914,501784,4282,11.683,25707,5.123,23.016
Maine,2007,30709,37362,500434,502823,3929,10.583,23547,4.683,26.51
Maine,2008,30098,36790,506171,503170,3413,9.228,20534,4.081,23.839
Maine,2009,28973,35697,487849,497706,2876,7.941,17680,3.552,20.535
Maine,2010,28759,35545,479900,483972,3153,8.865,17880,3.694,20.797
Maine,2011,28335,35175,478327,478807,3107,8.805,16986,3.548,22.104
Maine,2012,28232,35094,483996,480900,3168,9.035,16814,3.496,21.034
Maine,2013,28117,35026,483577,484245,3039,8.686,15832,3.269,22.342
Maine,2014,28205,35270,490362,486915,3121,8.895,20298,4.169,19.999
Maine,2015,28401,35606,499632,494727,3169,8.957,17541,3.546,19.31
Maine,2016,29083,36442,510272,505043,3435,9.549,19280,3.817,18.432
Maine,2017,29109,36428,512689,510725,3014,8.287,15268,2.989,21.417
Maine,2018,29262,36429,516469,514469,2791,7.673,14025,2.726,19.882
Maryland,2004,97377,120714,2141159,2110045,13235,11.073,105264,4.989,24.988
Maryland,2005,99419,123158,2161948,2168711,14076,11.551,110640,5.102,28.24
Maryland,2006,101592,126482,2232922,2197899,15847,12.708,130805,5.951,25.555
Maryland,2007,101869,127365,2232668,2232594,14006,11.05,107431,4.812,29.378
Maryland,2008,100141,125758,2222940,2225864,12091,9.563,93139,4.184,27.415
Maryland,2009,97137,123095,2122124,2175819,11122,8.929,93780,4.31,23.137
Maryland,2010,95778,121612,2072353,2096282,11194,9.159,80744,3.852,23.298
Maryland,2011,94966,121339,2107211,2090663,11480,9.46,85784,4.103,22.977
Maryland,2012,95805,122127,2144349,2126113,11456,9.423,81471,3.832,23.083
Maryland,2013,95959,122722,2175804,2159562,11507,9.41,91542,4.239,23.122
Maryland,2014,96171,123811,2203927,2188942,11698,9.498,79015,3.61,21.094
Maryland,2015,96337,124310,2231137,2217155,11252,9.079,90809,4.096,21.629
Maryland,2016,97434,126348,2277511,2254669,11796,9.42,83136,3.687,19.962
Maryland,2017,97533,126353,2328817,2301437,11043,8.747,85961,3.735,22.487
Maryland,2018,97792,126435,2360944,2344212,10662,8.442,80243,3.423,21.092
Massachusetts,2004,127597,156779,2971061,2968394,15496,9.86,130393,4.393,25.618
Massachusetts,2005,126895,156676,2990384,2981468,15388,9.826,125938,4.224,24.026
Massachusetts,2006,128547,159407,3062789,3026483,17146,10.86,149926,4.954,24.197
Massachusetts,2007,127910,159388,3065553,3060142,15439,9.697,125897,4.114,26.052
Massachusetts,2008,125864,157722,3065176,3063213,13749,8.679,118607,3.872,25.577
Massachusetts,2009,122738,154511,2963455,3016304,12364,7.913,108579,3.6,21.118
Massachusetts,2010,121196,153348,2931271,2947163,13245,8.612,102477,3.477,21.876
Massachusetts,2011,121077,153665,2968974,2950189,13416,8.746,90399,3.064,20.072
Massachusetts,2012,122509,154815,3031097,3000529,13973,9.069,88773,2.959,19.676
Massachusetts,2013,122948,155475,3079995,3055518,13715,8.85,99759,3.265,19.496
Massachusetts,2014,123708,156754,3090728,3077930,13526,8.671,107513,3.493,20.561
Massachusetts,2015,124299,157785,3173974,3131739,13696,8.715,112099,3.579,18.327
Massachusetts,2016,126526,161264,3238152,3204223,15046,9.437,107636,3.359,19.062
Massachusetts,2017,127187,162183,3293149,3274276,14117,8.735,112405,3.433,22.04
Massachusetts,2018,127751,162447,3351292,3316954,13290,8.194,125365,3.78,20.088
Michigan,2004,166434,210092,3854471,3847689,20576,9.805,189748,4.931,27.502
Michigan,2005,167012,211001,3767465,3812713,21414,10.178,186729,4.898,26.333
Michigan,2006,167325,212804,3770779,3761257,23652,11.175,192801,5.126,27.394
Michigan,2007,164701,210751,3663480,3715022,20829,9.853,164586,4.43,26.042
Michigan,2008,160764,206749,3605558,3630742,18741,8.987,162177,4.467,27.131
Michigan,2009,155307,200080,3367783,3491017,16370,8.042,145993,4.182,22.929
Michigan,2010,151617,195888,3280115,3323688,15969,8.078,120258,3.618,23.494
Michigan,2011,150837,195917,3376972,3327102,17789,9.091,127132,3.821,22.406
Michigan,2012,151545,195809,3459748,3415619,17012,8.698,118657,3.474,22.545
Michigan,2013,151304,195590,3514414,3477845,16348,8.364,125153,3.599,20.803
Michigan,2014,151302,196245,3591570,3549384,16474,8.419,124677,3.513,20.044
Michigan,2015,151994,198188,3716244,3658513,17829,9.05,145448,3.976,19.658
Michigan,2016,153498,200940,3799340,3758132,17554,8.803,135451,3.604,19.944
Michigan,2017,153208,200482,3846784,3818570,15992,7.975,121889,3.192,21.708
Michigan,2018,153488,200711,3940414,3889859,15757,7.864,133205,3.424,19.86
Minnesota,2004,103147,128302,2373167,2367252,13677,10.756,95728,4.044,25.201
Minnesota,2005,104785,130424,2413828,2394789,13792,10.666,111533,4.657,23.506
Minnesota,2006,106136,133179,2467808,2440436,16108,12.238,122993,5.04,23.97
Minnesota,2007,105915,133248,2509735,2488853,13974,10.507,114146,4.586,26.172
Minnesota,2008,104066,131560,2481339,2495555,12263,9.272,100153,4.013,25.003
Minnesota,2009,101546,129153,2376261,2431603,11020,8.447,92137,3.789,22.092
Minnesota,2010,100384,128127,2350146,2362057,11009,8.566,83916,3.553,22.245
Minnesota,2011,99995,128187,2390435,2368833,11490,8.975,75514,3.188,19.441
Minnesota,2012,100429,128514,2456727,2422143,11243,8.771,75460,3.115,19.742
Minnesota,2013,100465,129007,2506235,2486179,11164,8.681,78888,3.173,21.088
Minnesota,2014,101035,130578,2556267,2529897,11496,8.864,79732,3.152,18.3
Minnesota,2015,101621,131909,2578588,2554146,11651,8.886,89621,3.509,19.626
Minnesota,2016,102505,134051,2626603,2600982,12017,9.045,96602,3.714,20.256
Minnesota,2017,102803,134446,2654688,2637170,11415,8.511,105227,3.99,22.332
Minnesota,2018,102324,133731,2728852,2688172,10304,7.694,112603,4.189,19.428
Mississippi,2004,43536,55449,930804,923811,5527,10.029,44619,4.83,25.701
Mississippi,2005,43646,55801,925837,927706,5807,10.457,43612,4.701,27.062
Mississippi,2006,43362,55942,945268,935999,6644,11.926,57565,6.15,28.025
Mississippi,2007,44096,57075,938210,940899,6428,11.409,41721,4.434,27.854
Mississippi,2008,43613,56864,941816,938818,5280,9.289,41551,4.426,26.717
Mississippi,2009,42661,56011,901383,923568,4638,8.217,43062,4.663,22.61
Mississippi,2010,42118,55503,881046,890758,4494,8.077,32117,3.606,21.431
Mississippi,2011,41725,55373,893032,886531,4622,8.355,32905,3.712,21.237
Mississippi,2012,41362,55044,897604,896036,4345,7.889,29134,3.251,21.793
Mississippi,2013,41089,54805,896515,894501,4228,7.719,29264,3.272,20.703
Mississippi,2014,41046,55028,907214,901524,4354,7.942,30637,3.398,19.365
Mississippi,2015,40874,55017,924673,915648,4256,7.748,42042,4.592,20.607
Mississippi,2016,40912,55343,938870,931550,4420,8.023,34312,3.683,20.372
Mississippi,2017,40780,55272,935024,935399,4335,7.853,30027,3.21,22.526
Mississippi,2018,40702,55210,942356,939998,4084,7.412,28411,3.022,20.479
Missouri,2004,108208,136242,2399532,2381280,15748,11.685,119568,5.021,25.739
Missouri,2005,110344,139133,2393187,2395823,16321,11.863,113091,4.72,25.744
Missouri,2006,109772,140096,2442369,2416441,17310,12.424,137029,5.671,25.485
Missouri,2007,109214,140524,2432643,2437417,15185,10.844,113287,4.648,27.435
Missouri,2008,107558,139250,2442997,2436210,13363,9.566,112266,4.608,26.057
Missouri,2009,105289,136912,2332487,2386696,12364,8.949,88798,3.721,21.701
Missouri,2010,103684,135366,2273155,2302617,12992,9.579,90977,3.951,22.156
Missouri,2011,101423,133713,2275743,2274248,12249,9.134,75843,3.335,21.817
Missouri,2012,101306,133425,2309786,2292434,12579,9.432,83302,3.634,22.067
Missouri,2013,103259,135624,2347111,2329190,13787,10.243,86888,3.73,20.78
Missouri,2014,105570,138680,2392780,2369586,14911,10.876,83894,3.54,19.585
Missouri,2015,107697,141348,2435381,2413112,15373,10.992,106653,4.42,21.878
Missouri,2016,110006,144998,2490626,2462371,15718,10.986,97506,3.96,19.67
Missouri,2017,110070,144743,2517945,2498907,14407,9.967,100105,4.006,22.742
Missouri,2018,103895,138389,2529467,2519807,12812,9.303,91850,3.645,22.061
Montana,2004,25706,29820,314890,309538,3632,12.37,16069,5.191,24.367
Montana,2005,26479,30708,327617,321665,3668,12.135,21480,6.678,25.144
Montana,2006,27515,31993,337759,332787,4631,14.801,22870,6.872,28.059
Montana,2007,28265,32917,353812,347729,4051,12.51,19816,5.699,26.233
Montana,2008,28116,32821,357990,355755,3368,10.264,15626,4.392,26.285
Montana,2009,27138,31801,339810,348922,2828,8.755,12149,3.482,22.163
Montana,2010,26777,31465,336779,338149,2938,9.3,16312,4.824,25.505
Montana,2011,26454,31191,334831,335629,3017,9.649,12431,3.704,24.382
Montana,2012,26753,31547,341725,338255,3243,10.358,13974,4.131,22.456
Montana,2013,26947,31769,348828,345010,3175,10.045,13852,4.015,21.807
Montana,2014,27099,32085,361574,354979,3123,9.797,14518,4.09,19.904
Montana,2015,27479,32548,371094,366323,3181,9.854,15300,4.177,20.892
Montana,2016,27685,32978,375110,372806,3162,9.661,16005,4.293,21.531
Montana,2017,27752,33039,376283,375227,2931,8.893,13354,3.559,24.285
Montana,2018,28033,33320,369787,372706,3106,9.37,14355,3.852,23.361
Nebraska,2004,37261,45937,755247,756211,4135,9.04,31834,4.21,24.734
Nebraska,2005,37689,46532,770389,763358,4377,9.47,32014,4.194,23.476
Nebraska,2006,37819,47121,784277,777372,5112,10.935,41159,5.295,22.854
Nebraska,2007,37861,47418,791257,787435,4477,9.486,32097,4.076,24.5
Nebraska,2008,37636,47356,794502,793450,4158,8.784,28381,3.577,25.027
Nebraska,2009,37366,47111,779159,787275,3685,7.798,29652,3.766,22.155
Nebraska,2010,37337,47233,770094,774537,3743,7.941,23955,3.093,20.457
Nebraska,2011,37106,47174,758976,757089,3862,8.191,24312,3.211,21.225
Nebraska,2012,37425,47488,774859,766226,3908,8.266,26340,3.438,20.192
Nebraska,2013,37391,47614,778051,776579,3833,8.072,23901,3.078,21.823
Nebraska,2014,37850,48241,794537,786213,3931,8.209,24584,3.127,17.649
Nebraska,2015,38148,48879,811269,802017,4103,8.456,29085,3.626,18.538
Nebraska,2016,38629,49629,825581,818310,4160,8.454,27806,3.398,18.24
Nebraska,2017,38843,49871,830896,827151,4067,8.184,28009,3.386,21.893
Nebraska,2018,38774,49669,842077,836511,3706,7.453,26600,3.18,20.278
Nevada,2004,38598,47760,1020203,994607,7498,16.032,66082,6.644,26.537
Nevada,2005,40237,49849,1081750,1050770,7986,16.398,71393,6.794,26.453
Nevada,2006,42521,52977,1158495,1120656,9345,18.192,86681,7.735,26.453
Nevada,2007,43603,54751,1184921,1172923,8605,16.003,81728,6.968,33.593
Nevada,2008,43239,54748,1151690,1168320,7604,13.906,70874,6.066,30.806
Nevada,2009,41667,53258,1041221,1097819,6602,12.212,55935,5.095,24.891
Nevada,2010,40625,52273,995647,1019397,6472,12.279,59599,5.846,27.116
Nevada,2011,40578,52373,996033,997435,6491,12.399,44126,4.424,26.826
Nevada,2012,40918,52683,1013986,1004799,6449,12.289,48100,4.787,24.867
Nevada,2013,41459,53249,1039825,1025857,6496,12.287,54233,5.287,24.852
Nevada,2014,42477,54675,1083307,1062673,6925,12.844,51222,4.82,20.504
Nevada,2015,43570,56287,1123159,1103018,7121,12.841,66013,5.985,22.33
Nevada,2016,44714,57955,1158773,1143182,7173,12.563,55860,4.886,22.136
Nevada,2017,45314,58698,1188366,1171946,6835,11.726,53234,4.542,23.358
Nevada,2018,46488,59900,1218835,1203585,7056,11.906,57111,4.745,22.101
New_Hampshire,2004,29031,34724,550345,545836,3639,10.583,22037,4.037,22.066
New_Hampshire,2005,29351,35249,551885,550555,3724,10.653,27004,4.905,24.665
New_Hampshire,2006,29588,35749,571736,562463,3953,11.148,28470,5.062,23.436
New_Hampshire,2007,29417,35778,571296,571797,3578,10.017,22195,3.882,25.975
New_Hampshire,2008,28924,35331,588658,579360,3161,8.9,26352,4.548,25.933
New_Hampshire,2009,27998,34403,564142,577566,2778,7.962,17380,3.009,19.717
New_Hampshire,2010,27720,34099,561240,562316,2914,8.516,19886,3.536,23.804
New_Hampshire,2011,27343,33796,554930,558522,2798,8.251,17198,3.079,20.809
New_Hampshire,2012,27440,33959,547669,550721,3042,8.989,18645,3.386,22.467
New_Hampshire,2013,27367,34020,549934,548669,2873,8.463,19499,3.554,22.03
New_Hampshire,2014,27292,34254,563554,556414,2904,8.513,25082,4.508,17.967
New_Hampshire,2015,27278,34396,577049,570118,2803,8.173,18150,3.184,17.998
New_Hampshire,2016,27623,34982,594480,585724,3025,8.728,18886,3.224,16.679
New_Hampshire,2017,27467,34849,602725,597821,2627,7.53,19744,3.303,19.815
New_Hampshire,2018,27565,34941,612372,607467,2694,7.726,23051,3.795,19.693
New_Jersey,2004,179440,211678,3607430,3588870,23739,11.261,171369,4.775,29.018
New_Jersey,2005,181337,214025,3581514,3593758,24723,11.623,180790,5.031,28.112
New_Jersey,2006,183941,218244,3661777,3622548,26692,12.36,207921,5.74,26.617
New_Jersey,2007,183441,218160,3644997,3652649,24420,11.205,177968,4.872,29.144
New_Jersey,2008,180134,215128,3591614,3614291,21385,9.879,167586,4.637,27.709
New_Jersey,2009,173666,208697,3415010,3506864,19085,8.997,140654,4.011,22.39
New_Jersey,2010,170366,205044,3356345,3385831,19420,9.396,137439,4.059,23.276
New_Jersey,2011,169147,204018,3372925,3364186,20110,9.841,123787,3.68,23.892
New_Jersey,2012,170951,205758,3431288,3403717,21412,10.461,135867,3.992,23.703
New_Jersey,2013,171225,206362,3472610,3450343,20746,10.079,135540,3.928,24.527
New_Jersey,2014,171212,207211,3502361,3486440,20673,10.006,147249,4.223,23.163
New_Jersey,2015,170560,207175,3542609,3518897,19995,9.658,161682,4.595,23.88
New_Jersey,2016,171839,209648,3621638,3583162,21084,10.122,147278,4.11,22.142
New_Jersey,2017,171544,209712,3662061,3632845,20256,9.668,164224,4.521,24.472
New_Jersey,2018,171508,209457,3720862,3692305,18861,9.005,148368,4.018,22.661
New_Mexico,2004,32202,39695,581183,575841,4357,11.063,31017,5.386,28.007
New_Mexico,2005,32733,40504,599133,594239,4602,11.487,36675,6.172,30.92
New_Mexico,2006,33541,41644,631966,615375,5431,13.238,43197,7.02,26.048
New_Mexico,2007,33969,42409,631450,630827,4838,11.531,33418,5.297,30.695
New_Mexico,2008,33714,42198,637315,637979,4308,10.195,35005,5.487,30.339
New_Mexico,2009,32864,41420,611902,625150,3677,8.786,25832,4.132,23.535
New_Mexico,2010,31997,40553,596211,603678,3492,8.531,21600,3.578,22.563
New_Mexico,2011,31670,40407,594059,594592,3772,9.33,21325,3.586,23.577
New_Mexico,2012,31642,40347,591738,592860,3695,9.165,23701,3.998,25.148
New_Mexico,2013,31494,40197,592771,591939,3594,8.939,28839,4.872,26.429
New_Mexico,2014,31314,40226,616093,604341,3496,8.703,40272,6.664,21.642
New_Mexico,2015,31180,40381,626331,620547,3646,9.055,27197,4.383,21.201
New_Mexico,2016,31055,40462,629749,628014,3509,8.688,26675,4.248,22.688
New_Mexico,2017,30965,40294,625361,626422,3366,8.344,23076,3.684,23.947
New_Mexico,2018,30882,40053,629511,627472,3228,8.043,22396,3.569,21.478
New_York,2004,377705,446773,7354261,7322203,51159,11.533,346569,4.733,27.196
New_York,2005,382380,450154,7337994,7347032,50498,11.268,363770,4.951,27.048
New_York,2006,386173,457030,7484385,7416389,54246,11.97,379144,5.112,25.035
New_York,2007,387516,459696,7475105,7475868,51247,11.195,354839,4.746,28.252
New_York,2008,387820,460926,7538790,7501739,48196,10.479,331149,4.414,25.376
New_York,2009,384382,457876,7287945,7419594,45430,9.879,292394,3.941,22.248
New_York,2010,385281,459169,7220321,7254209,47599,10.388,303565,4.185,23.539
New_York,2011,387562,462468,7337002,7277791,49303,10.707,299619,4.117,22.56
New_York,2012,393611,468780,7501682,7415412,49958,10.739,288087,3.885,21.477
New_York,2013,396498,471260,7627726,7565350,48763,10.385,305873,4.043,22.43
New_York,2014,399074,475457,7812343,7722282,49237,10.41,347862,4.505,21.603
New_York,2015,400948,478048,7965508,7888667,48259,10.129,345427,4.379,22.275
New_York,2016,405431,484732,8132656,8046386,50415,10.48,313244,3.893,20.98
New_York,2017,405839,485443,8221108,8168696,47560,9.812,325839,3.989,23.679
New_York,2018,406140,485122,8337528,8271995,45821,9.449,318755,3.853,21.866
North_Carolina,2004,149751,191945,3357286,3345354,21132,11.116,159937,4.781,27.979
North_Carolina,2005,153264,196184,3399114,3378997,22746,11.734,187151,5.539,27.694
North_Carolina,2006,156988,202548,3520311,3460945,26381,13.256,223830,6.467,26.019
North_Carolina,2007,159557,206825,3553959,3537845,24566,12.019,190838,5.394,29.089
North_Carolina,2008,158612,206843,3542319,3544090,21447,10.385,168597,4.757,28.158
North_Carolina,2009,152474,201094,3317922,3433320,18026,8.834,143276,4.173,21.331
North_Carolina,2010,150071,198810,3217876,3263780,19190,9.612,145248,4.45,23.464
North_Carolina,2011,148601,197591,3269559,3242053,18895,9.547,133980,4.133,22.795
North_Carolina,2012,149224,198508,3328451,3294438,19281,9.752,127847,3.881,22.644
North_Carolina,2013,149318,199170,3384432,3353460,18808,9.475,142894,4.261,22.472
North_Carolina,2014,149740,200405,3444800,3413941,18680,9.363,129635,3.797,20.992
North_Carolina,2015,151557,203059,3557514,3499299,19283,9.571,148478,4.243,19.682
North_Carolina,2016,154657,207828,3669208,3612697,20395,9.938,152264,4.215,20.139
North_Carolina,2017,157106,211131,3747135,3705175,20546,9.819,147916,3.992,21.582
North_Carolina,2018,159343,213307,3852741,3810231,19586,9.239,153843,4.038,21.171
North_Dakota,2004,15355,18559,264400,262641,1630,8.858,10406,3.962,23.044
North_Dakota,2005,15557,18863,272284,268269,1745,9.331,10954,4.083,19.92
North_Dakota,2006,15646,19121,281433,276803,2072,10.94,14186,5.125,22.039
North_Dakota,2007,15796,19386,290678,285942,1865,9.703,14872,5.201,23.943
North_Dakota,2008,15864,19459,297883,294032,1654,8.532,12392,4.215,22.313
North_Dakota,2009,15873,19466,293823,295934,1537,7.895,9519,3.217,22.49
North_Dakota,2010,16061,19726,296202,294925,1623,8.291,10334,3.504,21.792
North_Dakota,2011,16339,20169,309924,303971,1916,9.618,12099,3.98,20.275
North_Dakota,2012,17013,20962,332920,321492,2276,11.078,16073,5,19.882
North_Dakota,2013,17387,21525,343220,337825,2272,10.711,18153,5.373,24.654
North_Dakota,2014,17764,22123,359943,351426,2269,10.408,18512,5.268,20.864
North_Dakota,2015,17998,22548,365425,362612,2231,9.998,17503,4.827,22.555
North_Dakota,2016,17793,22534,347528,356714,1901,8.441,12340,3.459,19.224
North_Dakota,2017,17561,22278,342716,344863,1798,8.033,14492,4.202,25.075
North_Dakota,2018,17454,22149,345651,342997,1682,7.581,11661,3.4,21.719
Ohio,2004,187016,246189,4722196,4730211,22312,9.089,196797,4.16,25.824
Ohio,2005,186732,246777,4733979,4727046,22505,9.14,223734,4.733,26.644
Ohio,2006,186244,248543,4796124,4764041,24841,10.045,234599,4.924,25.112
Ohio,2007,183773,247436,4749019,4772249,23283,9.402,222508,4.663,26.39
Ohio,2008,179508,242546,4701570,4724054,19674,8.04,196186,4.153,25.431
Ohio,2009,174023,236619,4453638,4581859,17598,7.34,178702,3.9,20.954
Ohio,2010,170312,232756,4341807,4396663,17371,7.409,142922,3.251,20.886
Ohio,2011,168717,231111,4421263,4383991,18070,7.8,141205,3.221,21.294
Ohio,2012,168788,231045,4520675,4469116,18786,8.141,153157,3.427,21.603
Ohio,2013,167628,230311,4547824,4534028,18034,7.828,153485,3.385,22.714
Ohio,2014,166901,231005,4607559,4578303,17918,7.775,158250,3.457,20.311
Ohio,2015,166737,232575,4683805,4645855,19092,8.244,171112,3.683,20.871
Ohio,2016,166882,236083,4775602,4732835,19499,8.328,164565,3.477,19.608
Ohio,2017,165592,233141,4799224,4780939,17630,7.522,169252,3.54,23.309
Ohio,2018,165006,232107,4866062,4832277,16383,7.05,156135,3.231,20.683
Oklahoma,2004,63476,79004,1184805,1178095,8166,10.412,58756,4.987,27.887
Oklahoma,2005,64311,80346,1212613,1199100,8843,11.111,68997,5.754,25.924
Oklahoma,2006,65208,81913,1276344,1244687,9930,12.261,84887,6.82,24.516
Oklahoma,2007,65764,83140,1296272,1285945,9243,11.223,68744,5.346,29.453
Oklahoma,2008,65920,83788,1321266,1309379,8572,10.284,67276,5.138,26.859
Oklahoma,2009,65673,83597,1282193,1302606,7514,8.971,53797,4.13,24.243
Oklahoma,2010,64939,82980,1235457,1258350,7006,8.425,53271,4.233,21.999
Oklahoma,2011,64638,83046,1262242,1248701,7425,8.959,47986,3.843,22.01
Oklahoma,2012,65155,83722,1293828,1278071,7766,9.33,57981,4.537,23.453
Oklahoma,2013,65521,84232,1318611,1305586,7614,9.082,56957,4.363,22.884
Oklahoma,2014,65874,85037,1352961,1335147,7602,8.991,55335,4.144,21.422
Oklahoma,2015,65931,85614,1366654,1359033,7775,9.125,58569,4.31,23.31
Oklahoma,2016,65650,86143,1356799,1361338,7900,9.209,57419,4.218,24.088
Oklahoma,2017,65400,85693,1356564,1353617,7421,8.65,56373,4.165,24.839
Oklahoma,2018,65386,85518,1382826,1369738,7158,8.372,52329,3.82,22.539
Oregon,2004,76235,92952,1346986,1338512,10591,11.512,65572,4.899,25.779
Oregon,2005,78744,95865,1398846,1373757,11962,12.686,77105,5.613,23.659
Oregon,2006,81130,99246,1455359,1426797,13582,13.95,87012,6.098,24.45
Oregon,2007,82668,101435,1477260,1468883,12076,12.062,71993,4.901,27.1
Oregon,2008,82135,101152,1475348,1475520,10598,10.482,61163,4.145,26.862
Oregon,2009,78708,97799,1362481,1416986,8803,8.852,56774,4.007,21.63
Oregon,2010,77467,96809,1322998,1336991,9521,9.803,53083,3.97,22.826
Oregon,2011,77060,96512,1339134,1330990,9447,9.79,46435,3.489,22.671
Oregon,2012,77586,96848,1365669,1351680,9583,9.931,52799,3.906,22.102
Oregon,2013,78384,97863,1391506,1374634,9744,10.028,49320,3.588,20.993
Oregon,2014,79418,99411,1434072,1412546,9856,10.006,56065,3.969,20.196
Oregon,2015,80993,101675,1495227,1465098,10282,10.241,63348,4.324,19.498
Oregon,2016,82776,104019,1547169,1521368,10563,10.283,59522,3.912,19.101
Oregon,2017,83824,105504,1592436,1568705,10481,10.02,61209,3.902,21.669
Oregon,2018,85235,106812,1629243,1611137,10214,9.634,58018,3.601,20.575
Pennsylvania,2004,215028,274046,5042077,5012015,25156,9.229,204800,4.086,24.419
Pennsylvania,2005,216422,276565,5064514,5063334,26501,9.636,231805,4.578,25.274
Pennsylvania,2006,216702,279813,5178662,5121671,28084,10.112,246827,4.819,22.485
Pennsylvania,2007,216089,279787,5177025,5177329,26080,9.335,225340,4.352,26.353
Pennsylvania,2008,214096,278931,5202397,5186930,23867,8.553,196765,3.793,24.402
Pennsylvania,2009,211081,275969,5019744,5113427,21463,7.73,177950,3.48,20.525
Pennsylvania,2010,208159,273451,4956134,4987351,21049,7.669,179787,3.605,21.707
Pennsylvania,2011,207427,273828,5057182,5008678,22093,8.082,183418,3.662,20.599
Pennsylvania,2012,208322,274313,5142957,5098356,22073,8.063,170006,3.335,21.054
Pennsylvania,2013,207688,274924,5157705,5150353,22291,8.125,180751,3.509,22.312
Pennsylvania,2014,207256,275382,5229190,5192909,21904,7.969,179070,3.448,19.58
Pennsylvania,2015,207064,276266,5290851,5260089,22395,8.127,206364,3.923,20.711
Pennsylvania,2016,208431,279717,5344566,5316518,23378,8.419,187929,3.535,20.418
Pennsylvania,2017,207581,278690,5413365,5374014,21549,7.727,179074,3.332,21.132
Pennsylvania,2018,207438,279211,5472914,5444444,21171,7.597,166305,3.055,19.881
Rhode_Island,2004,23066,26478,434550,428311,2895,11.092,19111,4.462,23.092
Rhode_Island,2005,23193,26722,439997,437792,2750,10.345,19781,4.518,22.384
Rhode_Island,2006,23506,27243,439732,439764,3099,11.497,22783,5.181,27.76
Rhode_Island,2007,23290,27198,442425,439831,2720,10.003,21957,4.992,25.953
Rhode_Island,2008,22785,26670,429570,435666,2388,8.873,15427,3.541,22.756
Rhode_Island,2009,21816,25605,409217,418751,2020,7.724,12890,3.078,20.513
Rhode_Island,2010,21419,25314,395039,402869,2279,8.959,16602,4.121,21.102
Rhode_Island,2011,21187,25182,403602,399393,2269,8.994,15204,3.807,20.235
Rhode_Island,2012,21228,25196,404022,403891,2314,9.195,13176,3.262,22.828
Rhode_Island,2013,21078,25095,407841,405786,2156,8.583,12162,2.997,19.89
Rhode_Island,2014,20990,25167,420102,413798,2198,8.753,17711,4.28,18.601
Rhode_Island,2015,21181,25384,423869,421619,2293,9.078,13531,3.209,19.679
Rhode_Island,2016,21512,25956,432435,427924,2547,9.926,16815,3.929,19.248
Rhode_Island,2017,21551,25926,435908,433924,2067,7.973,13164,3.034,21.661
Rhode_Island,2018,21507,25765,442570,438948,2077,8.051,14729,3.356,21.177
South_Carolina,2004,72166,91907,1564095,1557628,10095,11.098,78048,5.011,27.186
South_Carolina,2005,73843,94230,1591171,1579218,11018,11.852,86701,5.49,26.644
South_Carolina,2006,75546,96988,1647868,1619350,12284,12.87,101281,6.254,25.591
South_Carolina,2007,76490,98928,1658831,1653342,11554,11.818,87212,5.275,29.289
South_Carolina,2008,75605,98463,1658929,1657957,9730,9.872,72443,4.369,27.664
South_Carolina,2009,72832,95730,1544401,1599454,8679,8.94,72735,4.547,21.821
South_Carolina,2010,71284,94278,1502111,1526278,8484,8.944,66681,4.369,22.922
South_Carolina,2011,70171,93372,1528455,1514698,8400,8.969,63194,4.172,23.353
South_Carolina,2012,70237,93322,1554592,1538518,8245,8.849,56914,3.699,22.351
South_Carolina,2013,70452,93556,1580360,1566802,8307,8.907,58276,3.719,21.237
South_Carolina,2014,70750,94321,1611540,1589460,8604,9.17,63261,3.98,19.785
South_Carolina,2015,71684,95774,1663319,1638302,9115,9.605,71070,4.338,19.856
South_Carolina,2016,73031,98126,1719274,1691797,9458,9.767,76385,4.515,20.149
South_Carolina,2017,73981,99396,1745842,1729132,9083,9.211,68281,3.949,22.406
South_Carolina,2018,75156,100519,1801532,1778704,9027,9.041,72923,4.1,21.984
South_Dakota,2004,18732,22186,309963,305687,2186,9.947,13620,4.456,23.597
South_Dakota,2005,19096,22593,316006,312970,2270,10.144,11446,3.657,22.292
South_Dakota,2006,19292,22915,329054,322402,2706,11.924,17105,5.305,20.81
South_Dakota,2007,19425,23188,330594,329099,2340,10.176,14456,4.393,25.097
South_Dakota,2008,19327,23198,337499,333813,2123,9.17,13755,4.121,23.191
South_Dakota,2009,19201,23100,330913,334206,1914,8.262,11562,3.46,22.245
South_Dakota,2010,19203,23205,329167,330005,1951,8.435,13223,4.007,22.335
South_Dakota,2011,19087,23187,325676,326950,1875,8.096,9731,2.976,21.069
South_Dakota,2012,19219,23410,332069,328790,2054,8.83,12754,3.879,21.302
South_Dakota,2013,19281,23521,339513,335595,1917,8.182,10025,2.987,19.299
South_Dakota,2014,19326,23629,347328,343348,1884,8.001,11538,3.36,17.949
South_Dakota,2015,19559,24001,352682,349772,2078,8.738,11219,3.208,17.666
South_Dakota,2016,19746,24373,358126,355407,2071,8.571,10482,2.949,17.189
South_Dakota,2017,19758,24381,359167,358056,1912,7.854,11617,3.244,21.912
South_Dakota,2018,19818,24424,359004,359068,1923,7.889,10274,2.861,20.05
Tennessee,2004,91921,121312,2335613,2316427,12683,10.542,112848,4.872,26.241
Tennessee,2005,92912,123005,2358558,2347331,13357,10.947,111974,4.77,26.564
Tennessee,2006,94109,125581,2449082,2403716,15220,12.268,140263,5.835,24.107
Tennessee,2007,94917,127289,2466706,2454547,13904,11.014,123199,5.019,29.107
Tennessee,2008,94198,127751,2479146,2474428,12879,10.113,121550,4.912,27.937
Tennessee,2009,91537,124994,2315013,2400234,10666,8.44,91645,3.818,21.245
Tennessee,2010,89792,123238,2262068,2287853,10332,8.338,87164,3.81,23.304
Tennessee,2011,88756,122145,2296914,2279179,10520,8.587,78706,3.453,22.298
Tennessee,2012,88439,121874,2352591,2325321,10566,8.675,84250,3.623,21.752
Tennessee,2013,88528,122279,2394520,2373069,10823,8.881,92678,3.905,22.843
Tennessee,2014,88495,123135,2452191,2423595,10830,8.837,91208,3.763,19.763
Tennessee,2015,88746,124556,2502495,2474001,11267,9.111,99676,4.029,20.41
Tennessee,2016,89684,126889,2580889,2540629,11361,9.046,102531,4.036,18.894
Tennessee,2017,90372,127806,2641255,2619504,11081,8.713,99504,3.799,22.726
Tennessee,2018,90920,128284,2667611,2650802,10314,8.067,87340,3.295,20.601
Texas,2004,336488,444293,8076092,8025983,52264,11.859,499667,6.226,31.15
Texas,2005,341855,452612,8235036,8163402,54322,12.124,509114,6.237,29.494
Texas,2006,348338,465253,8684141,8461759,62288,13.59,591806,6.994,26.391
Texas,2007,353628,474932,8971572,8826593,59226,12.622,556964,6.31,29.95
Texas,2008,356036,479369,9131747,9043949,53706,11.269,519140,5.74,29.335
Texas,2009,354465,479684,8869171,9013772,49359,10.287,451021,5.004,26.659
Texas,2010,354116,481141,8747191,8808280,48756,10.16,462461,5.25,27.036
Texas,2011,356070,485469,8942798,8849096,50691,10.501,426814,4.823,25.269
Texas,2012,362835,493110,9293948,9121787,52833,10.813,456873,5.009,24.09
Texas,2013,368983,501242,9595037,9448000,52928,10.661,460189,4.871,24.429
Texas,2014,375835,512303,9899105,9747398,54682,10.801,492732,5.055,23.536
Texas,2015,382263,521882,10234448,10074762,55202,10.686,514198,5.104,23.438
Texas,2016,388176,533617,10429860,10329951,57333,10.873,511089,4.948,24.132
Texas,2017,392983,539225,10553963,10478377,57060,10.649,518685,4.95,26.89
Texas,2018,398649,545159,10780080,10665187,54923,10.141,474098,4.445,23.378
Utah,2004,43935,53342,919646,899589,7804,14.899,62815,6.983,29.282
Utah,2005,45917,55579,960443,940223,8422,15.473,61089,6.497,28.677
Utah,2006,48909,59216,1026247,993687,10142,17.678,70277,7.072,24.792
Utah,2007,51497,62155,1089636,1063860,9622,15.873,61874,5.816,27.538
Utah,2008,51608,62612,1103179,1095788,8272,13.266,57945,5.288,30.931
Utah,2009,49427,60602,1049744,1076542,6920,11.218,48908,4.543,26.291
Utah,2010,48740,59899,1008688,1028779,7250,12.04,50162,4.876,24.983
Utah,2011,48798,60108,1020064,1014699,7264,12.114,46016,4.535,25.028
Utah,2012,49759,61225,1055516,1037484,7560,12.473,46028,4.437,22.829
Utah,2013,50826,62534,1093520,1073699,7444,12.041,56125,5.227,22.54
Utah,2014,52065,64060,1142956,1121128,7593,12.003,55156,4.92,21.733
Utah,2015,53276,65786,1202764,1175929,7876,12.136,60254,5.124,21.739
Utah,2016,54485,67578,1245555,1224637,7966,11.95,52393,4.278,21.075
Utah,2017,55748,68889,1277040,1256069,7964,11.679,55322,4.404,21.994
Utah,2018,57403,70504,1336534,1307408,8032,11.53,57546,4.402,19.784
Vermont,2004,16911,19537,253041,253145,1842,9.502,9195,3.632,21.54
Vermont,2005,17035,19733,259274,256231,1871,9.536,10952,4.274,21.632
Vermont,2006,17126,19948,261796,260525,2031,10.25,9950,3.819,21.655
Vermont,2007,17167,19969,261013,261319,1906,9.566,9908,3.792,24.296
Vermont,2008,16888,19682,260589,260503,1658,8.377,10202,3.916,23.316
Vermont,2009,16394,19249,254848,257997,1516,7.782,10880,4.217,21.759
Vermont,2010,16230,19102,253782,254344,1494,7.8,9116,3.584,20.755
Vermont,2011,16055,18898,254232,253872,1555,8.197,7140,2.812,20.672
Vermont,2012,16067,18957,265390,259660,1663,8.798,9229,3.554,19.69
Vermont,2013,15946,18871,255877,259808,1447,7.663,7705,2.966,21.525
Vermont,2014,15941,18888,259616,258468,1515,8.031,7555,2.923,19.37
Vermont,2015,15997,19011,265132,262252,1472,7.776,8264,3.151,17.19
Vermont,2016,16019,19119,266948,266115,1502,7.885,7759,2.916,19.007
Vermont,2017,15948,19006,258435,259522,1428,7.502,7461,2.875,21.65
Vermont,2018,15852,18891,261548,259950,1306,6.899,7779,2.993,18.134
Virginia,2004,131278,169295,3032715,2979350,19366,11.611,157019,5.27,24.926
Virginia,2005,134721,173358,3063088,3052507,20143,11.766,160355,5.253,27.895
Virginia,2006,138315,179334,3181925,3122018,23294,13.23,186369,5.97,25.285
Virginia,2007,139555,181928,3181773,3180586,20804,11.535,169550,5.331,30.791
Virginia,2008,138250,180374,3160555,3170306,18032,9.967,136865,4.317,27.855
Virginia,2009,134797,178035,3046991,3106701,16808,9.372,146910,4.729,23.897
Virginia,2010,133092,176382,2996532,3022635,16306,9.213,124958,4.134,24.324
Virginia,2011,132242,176333,3028672,3013358,17302,9.823,126769,4.207,24.338
Virginia,2012,132846,176663,3085750,3056870,16493,9.358,119402,3.906,24.708
Virginia,2013,133239,177494,3109877,3093377,16950,9.586,132927,4.297,24.411
Virginia,2014,133693,179099,3135366,3121032,16681,9.367,125806,4.031,22.751
Virginia,2015,134663,180685,3203023,3173176,16966,9.442,138746,4.372,21.866
Virginia,2016,135969,183538,3264584,3234346,17461,9.599,132492,4.096,21.494
Virginia,2017,136785,184185,3299925,3277473,16431,8.947,115172,3.514,22.492
Virginia,2018,137189,184297,3373623,3337281,15716,8.54,116947,3.504,20.494
Washington,2004,122628,150053,2252791,2229100,18016,12.141,106816,4.792,25.741
Washington,2005,126345,154387,2317170,2288891,20025,13.168,125497,5.483,26.356
Washington,2006,130213,159760,2413652,2366618,22943,14.629,150269,6.35,26.722
Washington,2007,132992,163326,2491924,2450865,20764,12.876,125232,5.11,25.773
Washington,2008,132985,163794,2511898,2500758,18450,11.297,108494,4.338,26.792
Washington,2009,127847,159090,2374917,2445773,15259,9.448,95387,3.9,24.661
Washington,2010,126140,157483,2288586,2317098,15962,10.098,104539,4.512,23.94
Washington,2011,124469,156016,2287301,2273597,15955,10.195,91733,4.035,24.526
Washington,2012,124729,156091,2316994,2300877,15973,10.253,89116,3.873,23.882
Washington,2013,126041,157477,2401635,2368298,16522,10.556,114579,4.838,23.237
Washington,2014,127875,159996,2477792,2439260,16505,10.411,95864,3.93,20.075
Washington,2015,130243,163388,2558307,2515435,17397,10.772,115293,4.583,20.779
Washington,2016,132584,166816,2615128,2568410,17725,10.753,111655,4.347,20.074
Washington,2017,134476,169048,2689085,2649785,17602,10.495,100255,3.784,22.171
Washington,2018,136783,171213,2773197,2732167,17287,10.171,113356,4.149,20.952
West_Virginia,2004,29514,37340,568065,565010,3515,9.479,22337,3.953,24.311
West_Virginia,2005,29554,37536,568914,568316,3657,9.789,25385,4.467,26.378
West_Virginia,2006,29416,37733,589328,579010,3995,10.653,32841,5.672,23.433
West_Virginia,2007,29190,37646,579520,584041,3473,9.239,26356,4.513,27.156
West_Virginia,2008,28484,37103,584491,582325,2949,7.906,21296,3.657,24.963
West_Virginia,2009,27858,36697,575426,581004,2743,7.433,21754,3.744,23.187
West_Virginia,2010,27218,36174,564145,569732,2484,6.83,20837,3.657,22.399
West_Virginia,2011,26744,35902,571219,567654,2727,7.582,17571,3.095,21.534
West_Virginia,2012,26546,35695,581832,576174,2641,7.392,18892,3.279,21.434
West_Virginia,2013,26048,35237,577079,578236,2529,7.147,18419,3.185,22.811
West_Virginia,2014,25516,34848,573319,574913,2409,6.884,20235,3.52,22.124
West_Virginia,2015,25265,34730,565494,569856,2614,7.525,17639,3.095,20.897
West_Virginia,2016,24966,34600,558974,562006,2500,7.223,19442,3.459,21.957
West_Virginia,2017,24526,34093,547843,552522,2419,7.057,15943,2.885,21.508
West_Virginia,2018,24089,33620,554399,551084,2198,6.505,18428,3.344,21.076
Wisconsin,2004,102981,129142,2428559,2407065,11544,8.993,95381,3.963,22.353
Wisconsin,2005,104266,130827,2444721,2438648,12308,9.475,96613,3.962,23.864
Wisconsin,2006,104410,132353,2477369,2464586,14202,10.806,116244,4.717,23.484
Wisconsin,2007,104151,132473,2478313,2477324,12385,9.367,97599,3.94,24.506
Wisconsin,2008,102404,131085,2481106,2478879,10766,8.179,84853,3.423,22.737
Wisconsin,2009,99892,128674,2349620,2417668,9639,7.417,67876,2.807,17.581
Wisconsin,2010,98305,127214,2319493,2333990,9396,7.351,76444,3.275,19.95
Wisconsin,2011,97030,126164,2353370,2335984,9458,7.473,62734,2.686,18.722
Wisconsin,2012,96811,126051,2386038,2369809,9927,7.881,68698,2.899,19.558
Wisconsin,2013,96148,125580,2410813,2397705,9544,7.596,66675,2.781,19.326
Wisconsin,2014,96200,126154,2439976,2414103,9677,7.696,71227,2.95,17.092
Wisconsin,2015,96666,127270,2490059,2464743,10084,7.966,75177,3.05,17.933
Wisconsin,2016,97742,129928,2520728,2505221,11329,8.816,90834,3.626,19.642
Wisconsin,2017,97415,129696,2544461,2528198,9829,7.579,84381,3.338,21.109
Wisconsin,2018,97471,129439,2601314,2578595,9228,7.131,77619,3.01,18.712
Wyoming,2004,14619,16884,188723,185218,1865,11.159,9204,4.969,25.471
Wyoming,2005,14979,17331,193401,190998,2071,12.117,10973,5.745,27.896
Wyoming,2006,15408,17887,206217,199835,2462,14.005,14723,7.368,25.834
Wyoming,2007,15757,18350,214943,210604,2225,12.306,11639,5.526,27.554
Wyoming,2008,15827,18446,219306,216404,2019,10.99,12025,5.557,30.604
Wyoming,2009,15721,18363,211550,214997,1776,9.642,9048,4.208,26.863
Wyoming,2010,15309,17975,201312,205929,1528,8.421,7618,3.699,22.7
Wyoming,2011,15401,18153,204850,203153,1860,10.311,8606,4.236,25.919
Wyoming,2012,15565,18335,212027,209085,1858,10.199,9823,4.698,25.151
Wyoming,2013,15512,18330,211048,211315,1731,9.461,8789,4.159,25.742
Wyoming,2014,15564,18468,218216,214577,1716,9.34,8658,4.035,21.491
Wyoming,2015,15804,18727,218843,218312,1821,9.801,9385,4.299,25.198
Wyoming,2016,15625,18674,207597,213172,1801,9.638,9262,4.345,22.381
Wyoming,2017,15597,18571,199143,203046,1793,9.639,9323,4.592,25.546
Wyoming,2018,15785,18696,205319,203062,1888,10.142,9118,4.49,22.773
,,,,,Mean:,13729.53987,9.887952941,104439.7229,4.334762092,
,,,,,Max:,111144,18.192,905679,8.203,
,,,,,Min:,1306,6.505,6824,2.617,
